Date,Spot,T,OptionPrice,Delta,StockPos,Cash,PortfolioValue,HedgingError
2023-01-01,100,1.99589,15.4845,0.690973,0.690973,-53.6128,15.4845,0
2023-01-02,100.626,1.99316,15.9021,0.698486,0.698486,-54.3755,15.9103,0.00824799
2023-01-03,100.451,1.99042,15.7675,0.696348,0.696348,-54.1673,15.7812,0.0136725
2023-01-04,101.27,1.98768,16.3239,0.705762,0.705762,-55.1274,16.3453,0.0213696
2023-01-05,103.213,1.98494,17.6924,0.726102,0.726102,-57.2335,17.7099,0.0174905
2023-01-06,102.909,1.9822,17.4595,0.723437,0.723437,-56.9664,17.4818,0.0223091
2023-01-07,102.605,1.97947,17.2281,0.720654,0.720654,-56.6877,17.2552,0.0270924
2023-01-08,104.647,1.97673,18.6945,0.740029,0.740029,-58.7223,18.7194,0.024866
2023-01-09,105.659,1.97399,19.4293,0.749657,0.749657,-59.7468,19.4609,0.0316106
2023-01-10,105.034,1.97125,18.9517,0.743927,0.743927,-59.1524,18.985,0.0333268
2023-01-11,105.752,1.96851,19.4709,0.750462,0.750462,-59.8507,19.5119,0.0409591
2023-01-12,105.134,1.96578,18.9985,0.744737,0.744737,-59.2562,19.0411,0.0426236
2023-01-13,104.517,1.96304,18.5308,0.738336,0.738336,-58.5944,18.5744,0.0436505
2023-01-14,104.836,1.9603,18.7508,0.741658,0.741658,-58.95,18.8024,0.0516776
2023-01-15,102.309,1.95756,16.9077,0.717061,0.717061,-56.4408,16.9209,0.0132871
2023-01-16,100.085,1.95483,15.3426,0.690467,0.690467,-53.786,15.3197,-0.0229412
2023-01-17,99.3765,1.95209,14.8482,0.680607,0.680607,-52.8128,14.8235,-0.0246489
2023-01-18,98.1084,1.94935,13.9941,0.660582,0.660582,-50.8547,13.9539,-0.0401125
2023-01-19,98.4968,1.94661,14.2356,0.666923,0.666923,-51.4855,14.2043,-0.0313252
2023-01-20,97.37,1.94387,13.489,0.649763,0.649763,-49.821,13.4464,-0.0425571
2023-01-21,95.6375,1.94114,12.3828,0.624843,0.624843,-47.4439,12.3146,-0.068248
2023-01-22,97.4034,1.9384,13.4844,0.649936,0.649936,-49.8938,13.4122,-0.0721848
2023-01-23,97.1264,1.93566,13.2934,0.646394,0.646394,-49.556,13.2259,-0.0674203
2023-01-24,97.209,1.93292,13.3332,0.647294,0.647294,-49.6495,13.2733,-0.059987
2023-01-25,95.4641,1.93018,12.2249,0.621444,0.621444,-47.1879,12.1377,-0.0872261
2023-01-26,94.8093,1.92745,11.8125,0.612108,0.612108,-46.3086,11.725,-0.0875376
2023-01-27,94.9418,1.92471,11.8802,0.613574,0.613574,-46.4535,11.8004,-0.0798851
2023-01-28,93.5651,1.92197,11.0463,0.592594,0.592594,-44.4962,10.9499,-0.0964337
2023-01-29,94.008,1.91923,11.2944,0.600079,0.600079,-45.2054,11.2068,-0.0875652
2023-01-30,93.2966,1.9165,10.865,0.587816,0.587816,-44.0668,10.7744,-0.0905641
2023-01-31,92.9537,1.91376,10.6543,0.58242,0.58242,-43.5706,10.5674,-0.0868686
2023-02-01,92.249,1.91102,10.2404,0.571566,0.571566,-42.5747,10.1516,-0.0887791
2023-02-02,94.4018,1.90828,11.4782,0.605669,0.605669,-45.7994,11.3768,-0.101366
2023-02-03,94.3858,1.90554,11.456,0.605237,0.605237,-45.7642,11.3615,-0.0944945
2023-02-04,93.128,1.90281,10.7053,0.584182,0.584182,-43.8091,10.5946,-0.110676
2023-02-05,94.0931,1.90007,11.2567,0.600144,0.600144,-45.3164,11.153,-0.103732
2023-02-06,92.6458,1.89733,10.4039,0.576611,0.576611,-43.1418,10.2788,-0.12508
2023-02-07,92.8896,1.89459,10.5307,0.580205,0.580205,-43.4809,10.4141,-0.116651
2023-02-08,90.5962,1.89185,9.24403,0.545021,0.545021,-40.2987,9.07809,-0.165939
2023-02-09,89.0802,1.88912,8.43897,0.517705,0.517705,-37.8704,8.24688,-0.192097
2023-02-10,89.3011,1.88638,8.54051,0.521193,0.521193,-38.1865,8.35659,-0.18392
2023-02-11,90.132,1.88364,8.96132,0.536228,0.536228,-39.5464,8.78491,-0.176404
2023-02-12,90.3266,1.8809,9.05245,0.539404,0.539404,-39.8382,8.88439,-0.168061
2023-02-13,90.195,1.87817,8.97096,0.536839,0.536839,-39.6117,8.80849,-0.162468
2023-02-14,89.8528,1.87543,8.77955,0.530201,0.530201,-39.0202,8.61993,-0.159621
2023-02-15,88.1791,1.87269,7.91802,0.501206,0.501206,-36.4682,7.7277,-0.190323
2023-02-16,87.3794,1.86995,7.51778,0.487025,0.487025,-35.2335,7.32238,-0.195394
2023-02-17,86.8722,1.86721,7.26612,0.477641,0.477641,-34.4227,7.07107,-0.195053
2023-02-18,88.0293,1.86448,7.81041,0.498014,0.498014,-36.2203,7.61946,-0.190952
2023-02-19,88.4104,1.86174,7.98718,0.504004,0.504004,-36.7544,7.80479,-0.182389
2023-02-20,86.4466,1.859,7.03566,0.468663,0.468663,-33.7038,6.8105,-0.225154
2023-02-21,86.7995,1.85626,7.18832,0.475199,0.475199,-34.2753,6.97177,-0.216549
2023-02-22,86.3784,1.85352,6.98285,0.466575,0.466575,-33.5345,6.76744,-0.215417
2023-02-23,85.6417,1.85079,6.6395,0.452369,0.452369,-32.3221,6.41959,-0.219911
2023-02-24,86.3017,1.84805,6.92632,0.464292,0.464292,-33.3551,6.71417,-0.212148
2023-02-25,87.4227,1.84531,7.43859,0.485231,0.485231,-35.1897,7.23053,-0.208059
2023-02-26,88.4485,1.84257,7.92628,0.502839,0.502839,-36.7515,7.72391,-0.20237
2023-02-27,87.5133,1.83984,7.45958,0.486324,0.486324,-35.3107,7.24914,-0.210435
2023-02-28,87.1724,1.8371,7.2864,0.479902,0.479902,-34.7552,7.07899,-0.207409
2023-03-01,87.5362,1.83436,7.4482,0.486169,0.486169,-35.3081,7.2493,-0.198893
2023-03-02,88.6121,1.83162,7.96167,0.504529,0.504529,-36.9393,7.76801,-0.193652
2023-03-03,88.0771,1.82888,7.68687,0.495345,0.495345,-36.135,7.49356,-0.193309
2023-03-04,87.8711,1.82615,7.57559,0.491292,0.491292,-35.7833,7.38706,-0.188528
2023-03-05,86.6463,1.82341,6.98636,0.46853,0.46853,-33.8155,6.78092,-0.205444
2023-03-06,85.3405,1.82067,6.39115,0.443455,0.443455,-31.6798,6.16493,-0.226214
2023-03-07,86.2141,1.81793,6.76795,0.459193,0.459193,-33.0405,6.54844,-0.219508
2023-03-08,87.6872,1.8152,7.44209,0.486853,0.486853,-35.4699,7.22083,-0.221267
2023-03-09,87.6077,1.81246,7.3928,0.485177,0.485177,-35.3275,7.17773,-0.215075
2023-03-10,88.7153,1.80972,7.92094,0.50417,0.50417,-37.0168,7.71078,-0.210155
2023-03-11,89.1195,1.80698,8.11158,0.510584,0.510584,-37.593,7.91001,-0.201571
2023-03-12,88.3952,1.80424,7.73989,0.498304,0.498304,-36.5121,7.53554,-0.204352
2023-03-13,88.7977,1.80151,7.92721,0.504714,0.504714,-37.0858,7.7316,-0.195616
2023-03-14,90.5183,1.79877,8.79594,0.535324,0.535324,-39.8612,8.59547,-0.200462
2023-03-15,90.4775,1.79603,8.76243,0.534356,0.534356,-39.7785,8.56869,-0.193741
2023-03-16,92.261,1.79329,9.71651,0.562818,0.562818,-42.4093,9.51684,-0.199673
2023-03-17,89.2159,1.79055,8.09005,0.510685,0.510685,-37.7635,7.79776,-0.29229
2023-03-18,90.1397,1.78782,8.55015,0.527147,0.527147,-39.252,8.26489,-0.28526
2023-03-19,90.2386,1.78508,8.58956,0.528789,0.528789,-39.405,8.31217,-0.277393
2023-03-20,89.8986,1.78234,8.40177,0.522067,0.522067,-38.8056,8.12755,-0.27422
2023-03-21,90.0026,1.7796,8.4434,0.523721,0.523721,-38.9592,8.17703,-0.26637
2023-03-22,87.7488,1.77687,7.3137,0.483988,0.483988,-35.4775,6.99189,-0.321803
2023-03-23,87.506,1.77413,7.18736,0.479249,0.479249,-35.0672,6.86998,-0.317375
2023-03-24,87.8997,1.77139,7.36305,0.486097,0.486097,-35.6734,7.05435,-0.308701
2023-03-25,89.5363,1.76865,8.15772,0.514285,0.514285,-38.2016,7.84553,-0.312192
2023-03-26,88.9517,1.76591,7.85275,0.503894,0.503894,-37.2821,7.54015,-0.312599
2023-03-27,88.0456,1.76318,7.39884,0.487857,0.487857,-35.8746,7.079,-0.319842
2023-03-28,87.489,1.76044,7.12322,0.477472,0.477472,-34.9705,6.80304,-0.320175
2023-03-29,88.4981,1.7577,7.59468,0.495528,0.495528,-36.5728,7.28051,-0.314174
2023-03-30,88.8646,1.75496,7.76299,0.501449,0.501449,-37.1034,7.45764,-0.305352
2023-03-31,88.2715,1.75222,7.46171,0.490927,0.490927,-36.1792,7.15565,-0.306064
2023-04-01,88.8423,1.74949,7.72868,0.500533,0.500533,-37.0371,7.43142,-0.297257
2023-04-02,88.951,1.74675,7.77064,0.502108,0.502108,-37.1818,7.48124,-0.289396
2023-04-03,90.0365,1.74401,8.30547,0.520873,0.520873,-38.8759,8.02172,-0.283747
2023-04-04,89.2401,1.74127,7.89092,0.506366,0.506366,-37.5861,7.60212,-0.288799
2023-04-05,88.8717,1.73854,7.6965,0.499966,0.499966,-37.0219,7.41094,-0.285554
2023-04-06,88.4327,1.7358,7.47051,0.492186,0.492186,-36.3384,7.18688,-0.283626
2023-04-07,86.8021,1.73306,6.69545,0.46071,0.46071,-33.6108,6.37986,-0.315591
2023-04-08,87.126,1.73032,6.8316,0.467145,0.467145,-34.1755,6.52491,-0.306686
2023-04-09,87.4125,1.72758,6.95249,0.472451,0.472451,-34.6436,6.65457,-0.297929
2023-04-10,87.4181,1.72485,6.94385,0.472249,0.472249,-34.6302,6.65296,-0.290891
2023-04-11,87.1598,1.72211,6.8136,0.466847,0.466847,-34.1636,6.52668,-0.286922
2023-04-12,85.6056,1.71937,6.11393,0.436466,0.436466,-31.5671,5.79688,-0.317053
2023-04-13,85.1519,1.71663,5.91043,0.428221,0.428221,-30.8688,5.59497,-0.315456
2023-04-14,84.7842,1.71389,5.74692,0.421073,0.421073,-30.2666,5.43373,-0.313195
2023-04-15,83.9272,1.71116,5.39028,0.403813,0.403813,-28.8217,5.06915,-0.321136
2023-04-16,83.7567,1.70842,5.31275,0.400306,0.400306,-28.5315,4.99673,-0.316021
2023-04-17,84.1831,1.70568,5.47172,0.408128,0.408128,-29.1935,5.16389,-0.307831
2023-04-18,86.1836,1.70294,6.29943,0.44556,0.44556,-32.4232,5.97676,-0.322676
2023-04-19,86.3731,1.70021,6.37172,0.44867,0.44867,-32.6958,6.05722,-0.314501
2023-04-20,86.6534,1.69747,6.48499,0.45361,0.45361,-33.1279,6.17894,-0.306048
2023-04-21,86.5721,1.69473,6.43778,0.451742,0.451742,-32.9703,6.13799,-0.299792
2023-04-22,84.4793,1.69199,5.53952,0.412162,0.412162,-29.6307,5.18852,-0.351007
2023-04-23,84.4511,1.68925,5.51784,0.411229,0.411229,-29.5555,5.17323,-0.34461
2023-04-24,84.5152,1.68652,5.53338,0.412161,0.412161,-29.6379,5.19594,-0.337431
2023-04-25,87.138,1.68378,6.64711,0.461664,0.461664,-33.9551,6.27332,-0.373785
2023-04-26,86.9268,1.68104,6.5408,0.456956,0.456956,-33.5501,6.17165,-0.369155
2023-04-27,87.2571,1.6783,6.67857,0.463542,0.463542,-34.1289,6.31842,-0.360155
2023-04-28,87.2189,1.67556,6.65005,0.462367,0.462367,-34.0306,6.29653,-0.353525
2023-04-29,85.9347,1.67283,6.07242,0.437009,0.437009,-31.8557,5.69856,-0.373864
2023-04-30,87.172,1.67009,6.60641,0.460636,0.460636,-33.9192,6.23535,-0.371066
2023-05-01,87.9978,1.66735,6.97489,0.476678,0.476678,-35.335,6.61157,-0.363318
2023-05-02,88.8748,1.66461,7.38111,0.492663,0.492663,-36.7601,7.02526,-0.355849
2023-05-03,87.8566,1.66188,6.88597,0.47338,0.47338,-35.0705,6.51907,-0.366899
2023-05-04,89.4093,1.65914,7.61883,0.501248,0.501248,-37.5665,7.24979,-0.369039
2023-05-05,87.8302,1.6564,6.85076,0.472253,0.472253,-35.0245,6.45363,-0.397136
2023-05-06,88.4796,1.65366,7.14443,0.484089,0.484089,-36.076,6.75599,-0.388442
2023-05-07,90.9213,1.65092,8.34804,0.528605,0.528605,-40.1279,7.93359,-0.414449
2023-05-08,89.7867,1.64819,7.75817,0.506768,0.506768,-38.1722,7.32885,-0.429316
2023-05-09,89.1461,1.64545,7.43006,0.495376,0.495376,-37.1613,6.99952,-0.430543
2023-05-10,89.258,1.64271,7.47279,0.497066,0.497066,-37.3167,7.05038,-0.422412
2023-05-11,88.6918,1.63997,7.18702,0.48663,0.48663,-36.3957,6.76435,-0.422665
2023-05-12,86.9591,1.63723,6.37631,0.452319,0.452319,-33.4166,5.91667,-0.459638
2023-05-13,87.0342,1.6345,6.39852,0.453471,0.453471,-33.5209,5.94653,-0.45199
2023-05-14,85.8694,1.63176,5.88191,0.430845,0.430845,-31.5822,5.41418,-0.467733
2023-05-15,86.3817,1.62902,6.09007,0.440395,0.440395,-32.4111,5.63103,-0.459036
2023-05-16,85.3811,1.62628,5.65614,0.421432,0.421432,-30.7959,5.18637,-0.46977
2023-05-17,87.0484,1.62355,6.35982,0.452411,0.452411,-33.4964,5.88522,-0.474606
2023-05-18,86.1894,1.62081,5.97452,0.435473,0.435473,-32.0406,5.49247,-0.482051
2023-05-19,85.8397,1.61807,5.81506,0.428711,0.428711,-31.4642,5.33623,-0.478835
2023-05-20,86.7195,1.61533,6.18127,0.445051,0.445051,-32.8851,5.70953,-0.471742
2023-05-21,85.3747,1.61259,5.60011,0.419525,0.419525,-30.7099,5.10698,-0.493133
2023-05-22,85.6193,1.60986,5.69036,0.423842,0.423842,-31.0832,5.20583,-0.484526
2023-05-23,87.0293,1.60712,6.28383,0.449994,0.449994,-33.3631,5.79963,-0.484199
2023-05-24,85.2668,1.60438,5.52384,0.416419,0.416419,-30.5043,5.00238,-0.521466
2023-05-25,85.4651,1.60164,5.59448,0.419865,0.419865,-30.8026,5.08122,-0.513268
2023-05-26,85.745,1.5989,5.69942,0.424767,0.424767,-31.2267,5.19491,-0.504506
2023-05-27,86.5896,1.59617,6.04697,0.44034,0.44034,-32.5791,5.54982,-0.497148
2023-05-28,85.2401,1.59343,5.47033,0.414485,0.414485,-30.3791,4.9516,-0.518732
2023-05-29,83.8221,1.59069,4.90337,0.387498,0.387498,-28.1208,4.36009,-0.543288
2023-05-30,84.3733,1.58795,5.10527,0.396315,0.396315,-28.8681,4.57021,-0.53506
2023-05-31,84.689,1.58522,5.2186,0.402027,0.402027,-29.3555,4.69177,-0.526827
2023-06-01,84.9562,1.58248,5.31386,0.406987,0.406987,-29.7805,4.7956,-0.518256
2023-06-02,85.327,1.57974,5.45225,0.414373,0.414373,-30.4143,4.94285,-0.509396
2023-06-03,84.596,1.577,5.15082,0.398976,0.398976,-29.1156,4.63618,-0.514641
2023-06-04,84.8435,1.57426,5.23763,0.403563,0.403563,-29.5084,4.73136,-0.50627
2023-06-05,85.1568,1.57153,5.35167,0.409595,0.409595,-30.0256,4.85415,-0.497528
2023-06-06,84.3904,1.56879,5.0394,0.39425,0.39425,-28.7344,4.53653,-0.502867
2023-06-07,86.3741,1.56605,5.83269,0.432204,0.432204,-32.0162,5.31507,-0.517613
2023-06-08,86.8898,1.56331,6.04247,0.441979,0.441979,-32.8694,5.53399,-0.508486
2023-06-09,85.5856,1.56057,5.48236,0.416806,0.416806,-30.719,4.95354,-0.528823
2023-06-10,86.2936,1.55784,5.76535,0.429616,0.429616,-31.8282,5.24483,-0.520515
2023-06-11,85.2339,1.5551,5.31865,0.408879,0.408879,-30.0647,4.78566,-0.532995
2023-06-12,86.0791,1.55236,5.65318,0.425084,0.425084,-31.4633,5.12754,-0.525633
2023-06-13,87.3356,1.54962,6.18061,0.448898,0.448898,-33.547,5.65778,-0.522826
2023-06-14,86.4326,1.54689,5.77971,0.430879,0.430879,-31.9937,5.24828,-0.531425
2023-06-15,87.4817,1.54415,6.22221,0.451159,0.451159,-33.7717,5.69636,-0.525844
2023-06-16,87.9366,1.54141,6.41378,0.460463,0.460463,-34.5941,5.89746,-0.516321
2023-06-17,88.8474,1.53867,6.82147,0.478167,0.478167,-36.1713,6.31256,-0.508901
2023-06-18,90.9706,1.53593,7.84826,0.517509,0.517509,-39.7548,7.32336,-0.524899
2023-06-19,90.6893,1.5332,7.69341,0.5116,0.5116,-39.2238,7.17291,-0.520496
2023-06-20,89.8281,1.53046,7.25442,0.495484,0.495484,-37.7809,6.72749,-0.526925
2023-06-21,88.8215,1.52772,6.76141,0.476391,0.476391,-36.0897,6.22404,-0.53737
2023-06-22,87.9085,1.52498,6.33129,0.457662,0.457662,-34.4477,5.78468,-0.546608
2023-06-23,87.8231,1.52225,6.28152,0.455376,0.455376,-34.2512,5.74135,-0.540165
2023-06-24,88.2006,1.51951,6.43948,0.463224,0.463224,-34.9476,5.90903,-0.530456
2023-06-25,88.5081,1.51677,6.56819,0.468965,0.468965,-35.4601,6.04715,-0.521045
2023-06-26,89.4305,1.51403,6.98889,0.486587,0.486587,-37.0404,6.47535,-0.513548
2023-06-27,89.4451,1.51129,6.98368,0.486555,0.486555,-37.042,6.47791,-0.505775
2023-06-28,91.0831,1.50856,7.7788,0.516816,0.516816,-39.8029,7.27032,-0.508477
2023-06-29,90.7794,1.50582,7.61282,0.510408,0.510408,-39.2261,7.10846,-0.504362
2023-06-30,93.8905,1.50308,9.25256,0.566255,0.566255,-44.4744,8.69155,-0.56101
2023-07-01,94.6306,1.50034,9.65682,0.578836,0.578836,-45.6704,9.10516,-0.551658
2023-07-02,93.6087,1.4976,9.06916,0.560994,0.560994,-44.0059,8.508,-0.561156
2023-07-03,92.3457,1.49487,8.37047,0.539782,0.539782,-42.0525,7.79406,-0.576405
2023-07-04,92.907,1.49213,8.65828,0.549032,0.549032,-42.917,8.09188,-0.566408
2023-07-05,92.6455,1.48939,8.50407,0.544596,0.544596,-42.5114,7.94298,-0.561095
2023-07-06,93.4789,1.48665,8.94395,0.557867,0.557867,-43.7572,8.39161,-0.552341
2023-07-07,94.0362,1.48392,9.23936,0.567229,0.567229,-44.643,8.69714,-0.542219
2023-07-08,93.9499,1.48118,9.1777,0.565451,0.565451,-44.4814,8.6427,-0.535007
2023-07-09,92.9476,1.47844,8.61381,0.548516,0.548516,-42.9128,8.07046,-0.543355
2023-07-10,91.1737,1.4757,7.67161,0.515049,0.515049,-39.8667,7.09214,-0.579475
2023-07-11,90.6608,1.47296,7.40191,0.504691,0.504691,-38.9326,6.82306,-0.578854
2023-07-12,91.639,1.47023,7.88329,0.523949,0.523949,-40.7022,7.31195,-0.571344
2023-07-13,91.8861,1.46749,7.99797,0.528662,0.528662,-41.1403,7.43644,-0.561527
2023-07-14,90.444,1.46475,7.25703,0.499605,0.499605,-38.5174,6.66897,-0.588066
2023-07-15,90.6413,1.46201,7.34164,0.503098,0.503098,-38.8386,6.76281,-0.578826
2023-07-16,91.0814,1.45927,7.54816,0.51138,0.51138,-39.5977,6.9794,-0.568762
2023-07-17,90.0671,1.45654,7.03548,0.49189,0.49189,-37.8472,6.45586,-0.57962
2023-07-18,90.2416,1.4538,7.10754,0.49473,0.49473,-38.1082,6.537,-0.57054
2023-07-19,90.3077,1.45106,7.1272,0.495657,0.495657,-38.1966,6.56505,-0.562154
2023-07-20,89.0073,1.44832,6.49745,0.470535,0.470535,-35.9653,5.91577,-0.581678
2023-07-21,89.4085,1.44559,6.67205,0.478067,0.478067,-36.6431,6.10013,-0.571924
2023-07-22,90.0402,1.44285,6.95988,0.489878,0.489878,-37.7111,6.3976,-0.562283
2023-07-23,91.2688,1.44011,7.5525,0.513032,0.513032,-39.829,6.99483,-0.557669
2023-07-24,92.4806,1.43737,8.16478,0.536758,0.536758,-42.0281,7.61158,-0.553198
2023-07-25,90.8754,1.43463,7.33012,0.504594,0.504594,-39.1103,6.74481,-0.585312
2023-07-26,89.8017,1.4319,6.7957,0.484249,0.484249,-37.2882,6.19819,-0.597508
2023-07-27,90.3844,1.42916,7.06343,0.494673,0.494673,-38.2349,6.47577,-0.587657
2023-07-28,90.9694,1.42642,7.33832,0.505473,0.505473,-39.2221,6.76048,-0.577843
2023-07-29,91.5597,1.42368,7.62185,0.517271,0.517271,-40.3072,7.05402,-0.567826
2023-07-30,96.004,1.42094,10.0497,0.596998,0.596998,-47.9663,9.34796,-0.701723
2023-07-31,96.6945,1.41821,10.4462,0.608233,0.608233,-49.0586,9.75429,-0.691955
2023-08-01,98.0779,1.41547,11.2785,0.631875,0.631875,-51.3834,10.5897,-0.688792
2023-08-02,99.2568,1.41273,12.0103,0.652082,0.652082,-53.3953,11.3282,-0.682071
2023-08-03,100.071,1.40999,12.5251,0.666591,0.666591,-54.8538,11.8528,-0.672345
2023-08-04,99.6738,1.40726,12.2501,0.659533,0.659533,-54.1571,11.5811,-0.669055
2023-08-05,100.627,1.40452,12.8634,0.675438,0.675438,-55.7643,12.203,-0.660346
2023-08-06,99.6472,1.40178,12.203,0.658769,0.658769,-54.1101,11.5344,-0.668667
2023-08-07,99.3499,1.39904,11.9961,0.653054,0.653054,-53.549,11.3318,-0.664221
2023-08-08,98.7423,1.3963,11.5936,0.641423,0.641423,-52.4072,10.9285,-0.665068
2023-08-09,98.8442,1.39357,11.6434,0.643044,0.643044,-52.5738,10.9874,-0.656022
2023-08-10,101.727,1.39083,13.531,0.690776,0.690776,-57.4359,12.8345,-0.69656
2023-08-11,99.3335,1.38809,11.9261,0.652148,0.652148,-53.6059,11.1742,-0.751816
2023-08-12,100.192,1.38535,12.47,0.667439,0.667439,-55.1446,11.7277,-0.742311
2023-08-13,98.1566,1.38261,11.1517,0.631151,0.631151,-51.5894,10.3622,-0.789481
2023-08-14,97.573,1.37988,10.7761,0.621684,0.621684,-50.6721,9.9875,-0.78857
2023-08-15,98.9117,1.37714,11.5973,0.643325,0.643325,-52.8189,10.8135,-0.783796
2023-08-16,98.9918,1.3744,11.6333,0.644696,0.644696,-52.9611,10.8585,-0.774807
2023-08-17,97.6476,1.37166,10.7779,0.62241,0.62241,-50.7915,9.98541,-0.792495
2023-08-18,96.7676,1.36893,10.2307,0.606005,0.606005,-49.2102,9.43143,-0.79922
2023-08-19,97.5962,1.36619,10.717,0.621191,0.621191,-50.6984,9.92746,-0.789552
2023-08-20,96.6981,1.36345,10.1602,0.604345,0.604345,-49.0757,9.36335,-0.796835
2023-08-21,96.9618,1.36071,10.3033,0.609155,0.609155,-49.5481,9.51668,-0.786589
2023-08-22,97.0175,1.35797,10.3221,0.61,0.61,-49.6362,9.54449,-0.77766
2023-08-23,96.221,1.35524,9.83407,0.595747,0.595747,-48.2709,9.05253,-0.78154
2023-08-24,98.8201,1.3525,11.4051,0.640268,0.640268,-52.6764,10.595,-0.810173
2023-08-25,99.6093,1.34976,11.8939,0.65527,0.65527,-54.1772,11.0938,-0.800116
2023-08-26,97.0678,1.34702,10.294,0.610152,0.610152,-49.8043,9.42176,-0.872213
2023-08-27,97.2959,1.34428,10.4167,0.614385,0.614385,-50.2223,9.55476,-0.861931
2023-08-28,96.4846,1.34155,9.9172,0.599001,0.599001,-48.7442,9.05016,-0.86704
2023-08-29,97.5208,1.33881,10.5239,0.618083,0.618083,-50.6111,9.66485,-0.859029
2023-08-30,96.5471,1.33607,9.92507,0.59972,0.59972,-48.8444,9.05677,-0.868303
2023-08-31,96.4075,1.33333,9.82802,0.597101,0.597101,-48.598,8.96705,-0.86097
2023-09-01,97.0209,1.3306,10.1779,0.608078,0.608078,-49.669,9.32731,-0.850556
2023-09-02,98.0792,1.32786,10.8074,0.626754,0.626754,-51.5069,9.96469,-0.842675
2023-09-03,96.596,1.32512,9.89565,0.599775,0.599775,-48.9071,9.02875,-0.866896
2023-09-04,96.1889,1.32238,9.64127,0.592987,0.592987,-48.2602,8.77856,-0.862706
2023-09-05,95.6133,1.31964,9.29353,0.582708,0.582708,-47.2833,8.43131,-0.86222
2023-09-06,94.8263,1.31691,8.83417,0.566882,0.566882,-45.7884,7.96689,-0.867277
2023-09-07,96.9355,1.31417,10.0387,0.60514,0.60514,-49.5027,9.15691,-0.881753
2023-09-08,97.4301,1.31143,10.3208,0.614604,0.614604,-50.4308,9.45011,-0.870667
2023-09-09,95.8824,1.30869,9.39041,0.586858,0.586858,-47.7767,8.49265,-0.897761
