Date,Spot,Rate,Vol
2023-01-01,100.0,0.045,0.2
2023-01-02,100.62580101026373,0.045,0.2
2023-01-03,100.4505142401342,0.045,0.2
2023-01-04,101.27020134183533,0.045,0.2
2023-01-05,103.21341169526806,0.045,0.2
2023-01-06,102.90892643035691,0.045,0.2
2023-01-07,102.60536069994043,0.045,0.2
2023-01-08,104.646818638932,0.045,0.2
2023-01-09,105.65862453042585,0.045,0.2
2023-01-10,105.0336726479781,0.045,0.2
2023-01-11,105.7516422945275,0.045,0.2
2023-01-12,105.13420983620196,0.045,0.2
2023-01-13,104.51731978769226,0.045,0.2
2023-01-14,104.83593436556362,0.045,0.2
2023-01-15,102.30885732052866,0.045,0.2
2023-01-16,100.08548921486441,0.045,0.2
2023-01-17,99.37646789694803,0.045,0.2
2023-01-18,98.10837719250407,0.045,0.2
2023-01-19,98.49680240980827,0.045,0.2
2023-01-20,97.36999622844203,0.045,0.2
2023-01-21,95.63745740292535,0.045,0.2
2023-01-22,97.40344502137847,0.045,0.2
2023-01-23,97.12637955696638,0.045,0.2
2023-01-24,97.20901229234971,0.045,0.2
2023-01-25,95.46409692095251,0.045,0.2
2023-01-26,94.80934899914509,0.045,0.2
2023-01-27,94.94184442650834,0.045,0.2
2023-01-28,93.56507792661677,0.045,0.2
2023-01-29,94.00795419918228,0.045,0.2
2023-01-30,93.29656440458334,0.045,0.2
2023-01-31,92.95369992093373,0.045,0.2
2023-02-01,92.24903737209289,0.045,0.2
2023-02-02,94.40180810242938,0.045,0.2
2023-02-03,94.38575516484731,0.045,0.2
2023-02-04,93.12797954602641,0.045,0.2
2023-02-05,94.09307334792284,0.045,0.2
2023-02-06,92.64581045234294,0.045,0.2
2023-02-07,92.88960178365316,0.045,0.2
2023-02-08,90.59620183744194,0.045,0.2
2023-02-09,89.08020383137513,0.045,0.2
2023-02-10,89.30114219576814,0.045,0.2
2023-02-11,90.13198255468882,0.045,0.2
2023-02-12,90.32658087623233,0.045,0.2
2023-02-13,90.19497221131797,0.045,0.2
2023-02-14,89.85281307561456,0.045,0.2
2023-02-15,88.17906846385291,0.045,0.2
2023-02-16,87.37935621740593,0.045,0.2
2023-02-17,86.87224986054721,0.045,0.2
2023-02-18,88.02925689272963,0.045,0.2
2023-02-19,88.41035170133797,0.045,0.2
2023-02-20,86.44656168641423,0.045,0.2
2023-02-21,86.7995294141406,0.045,0.2
2023-02-22,86.37841449193714,0.045,0.2
2023-02-23,85.64174347683189,0.045,0.2
2023-02-24,86.30173274088574,0.045,0.2
2023-02-25,87.4227381414352,0.045,0.2
2023-02-26,88.44847145770646,0.045,0.2
2023-02-27,87.51329277028734,0.045,0.2
2023-02-28,87.17236638184337,0.045,0.2
2023-03-01,87.53618260158724,0.045,0.2
2023-03-02,88.61206472785695,0.045,0.2
2023-03-03,88.07711121701742,0.045,0.2
2023-03-04,87.87109152212432,0.045,0.2
2023-03-05,86.64629938906107,0.045,0.2
2023-03-06,85.34047147737213,0.045,0.2
2023-03-07,86.2140902043814,0.045,0.2
2023-03-08,87.68723193760738,0.045,0.2
2023-03-09,87.60767837555662,0.045,0.2
2023-03-10,88.71533082182829,0.045,0.2
2023-03-11,89.11953433943305,0.045,0.2
2023-03-12,88.39519349551546,0.045,0.2
2023-03-13,88.79767065885463,0.045,0.2
2023-03-14,90.51834213591505,0.045,0.2
2023-03-15,90.47748526409484,0.045,0.2
2023-03-16,92.26103691185608,0.045,0.2
2023-03-17,89.21589810462602,0.045,0.2
2023-03-18,90.13972857167991,0.045,0.2
2023-03-19,90.23858390842473,0.045,0.2
2023-03-20,89.89864266285855,0.045,0.2
2023-03-21,90.00257242659879,0.045,0.2
2023-03-22,87.74881669829688,0.045,0.2
2023-03-23,87.50596257794412,0.045,0.2
2023-03-24,87.89966901069582,0.045,0.2
2023-03-25,89.53633577805708,0.045,0.2
2023-03-26,88.95170012600802,0.045,0.2
2023-03-27,88.04563259782182,0.045,0.2
2023-03-28,87.48904820875418,0.045,0.2
2023-03-29,88.49805788237826,0.045,0.2
2023-03-30,88.86460574611597,0.045,0.2
2023-03-31,88.27149215741166,0.045,0.2
2023-04-01,88.84230521918414,0.045,0.2
2023-04-02,88.95096488084673,0.045,0.2
2023-04-03,90.03650286741117,0.045,0.2
2023-04-04,89.24012661522129,0.045,0.2
2023-04-05,88.87172953865661,0.045,0.2
2023-04-06,88.43269445135354,0.045,0.2
2023-04-07,86.80212333289772,0.045,0.2
2023-04-08,87.12596164054764,0.045,0.2
2023-04-09,87.41251782007075,0.045,0.2
2023-04-10,87.41814924025263,0.045,0.2
2023-04-11,87.15978314528029,0.045,0.2
2023-04-12,85.60555030876513,0.045,0.2
2023-04-13,85.15187231580659,0.045,0.2
2023-04-14,84.78420381234574,0.045,0.2
2023-04-15,83.92722682659964,0.045,0.2
2023-04-16,83.75668594910202,0.045,0.2
2023-04-17,84.18305457742765,0.045,0.2
2023-04-18,86.18355616149238,0.045,0.2
2023-04-19,86.37311462671701,0.045,0.2
2023-04-20,86.6533806936375,0.045,0.2
2023-04-21,86.57210585558559,0.045,0.2
2023-04-22,84.47929055495831,0.045,0.2
2023-04-23,84.45107080280391,0.045,0.2
2023-04-24,84.51515475132074,0.045,0.2
2023-04-25,87.13799244907972,0.045,0.2
2023-04-26,86.92681175059536,0.045,0.2
2023-04-27,87.25705882699674,0.045,0.2
2023-04-28,87.2188989425247,0.045,0.2
2023-04-29,85.93469142544869,0.045,0.2
2023-04-30,87.1719975107259,0.045,0.2
2023-05-01,87.99781844332179,0.045,0.2
2023-05-02,88.87481048924406,0.045,0.2
2023-05-03,87.85655356579878,0.045,0.2
2023-05-04,89.40929050174513,0.045,0.2
2023-05-05,87.83017371943826,0.045,0.2
2023-05-06,88.47956406187653,0.045,0.2
2023-05-07,90.92134758675573,0.045,0.2
2023-05-08,89.78668693116201,0.045,0.2
2023-05-09,89.14608758300416,0.045,0.2
2023-05-10,89.2580095322657,0.045,0.2
2023-05-11,88.69182839313861,0.045,0.2
2023-05-12,86.95909845806024,0.045,0.2
2023-05-13,87.03421479586318,0.045,0.2
2023-05-14,85.86936898927729,0.045,0.2
2023-05-15,86.38172607800128,0.045,0.2
2023-05-16,85.38110983188474,0.045,0.2
2023-05-17,87.04837562407,0.045,0.2
2023-05-18,86.1893766884943,0.045,0.2
2023-05-19,85.8396552159201,0.045,0.2
2023-05-20,86.71945619040056,0.045,0.2
2023-05-21,85.3746600548135,0.045,0.2
2023-05-22,85.61932042169059,0.045,0.2
2023-05-23,87.02933798264779,0.045,0.2
2023-05-24,85.26678631302043,0.045,0.2
2023-05-25,85.46513118007557,0.045,0.2
2023-05-26,85.74496243265777,0.045,0.2
2023-05-27,86.58955394168316,0.045,0.2
2023-05-28,85.24013245152702,0.045,0.2
2023-05-29,83.82206144682995,0.045,0.2
2023-05-30,84.37326238298533,0.045,0.2
2023-05-31,84.68895803754462,0.045,0.2
2023-06-01,84.95622904424543,0.045,0.2
2023-06-02,85.32704915011233,0.045,0.2
2023-06-03,84.59600912884301,0.045,0.2
2023-06-04,84.84354733349932,0.045,0.2
2023-06-05,85.15682077126189,0.045,0.2
2023-06-06,84.39041092492741,0.045,0.2
2023-06-07,86.3741382821975,0.045,0.2
2023-06-08,86.88976888414078,0.045,0.2
2023-06-09,85.58563918873168,0.045,0.2
2023-06-10,86.29358630406335,0.045,0.2
2023-06-11,85.23391532041238,0.045,0.2
2023-06-12,86.07912328566127,0.045,0.2
2023-06-13,87.33561441625902,0.045,0.2
2023-06-14,86.43259688504384,0.045,0.2
2023-06-15,87.48166374530167,0.045,0.2
2023-06-16,87.93661658610367,0.045,0.2
2023-06-17,88.84737476152037,0.045,0.2
2023-06-18,90.970591158442,0.045,0.2
2023-06-19,90.68934650929853,0.045,0.2
2023-06-20,89.82814387219831,0.045,0.2
2023-06-21,88.82145527645312,0.045,0.2
2023-06-22,87.90852673277767,0.045,0.2
2023-06-23,87.82313324857998,0.045,0.2
2023-06-24,88.20060681304591,0.045,0.2
2023-06-25,88.50807204731838,0.045,0.2
2023-06-26,89.43046151876818,0.045,0.2
2023-06-27,89.4451109831931,0.045,0.2
2023-06-28,91.0831021315609,0.045,0.2
2023-06-29,90.77939803472186,0.045,0.2
2023-06-30,93.89049063140605,0.045,0.2
2023-07-01,94.63059816416417,0.045,0.2
2023-07-02,93.60866623446505,0.045,0.2
2023-07-03,92.34570023554735,0.045,0.2
2023-07-04,92.90703106110708,0.045,0.2
2023-07-05,92.64546372167187,0.045,0.2
2023-07-06,93.47886161254732,0.045,0.2
2023-07-07,94.03620442644366,0.045,0.2
2023-07-08,93.94992074979176,0.045,0.2
2023-07-09,92.94760680880466,0.045,0.2
2023-07-10,91.17367560538585,0.045,0.2
2023-07-11,90.66077265764896,0.045,0.2
2023-07-12,91.63896709428839,0.045,0.2
2023-07-13,91.88614741305572,0.045,0.2
2023-07-14,90.44400964069355,0.045,0.2
2023-07-15,90.64134712616526,0.045,0.2
2023-07-16,91.08136941427281,0.045,0.2
2023-07-17,90.06712763325176,0.045,0.2
2023-07-18,90.2415655289543,0.045,0.2
2023-07-19,90.30774516644874,0.045,0.2
2023-07-20,89.0073071149755,0.045,0.2
2023-07-21,89.40852508950945,0.045,0.2
2023-07-22,90.0402160725322,0.045,0.2
2023-07-23,91.2688295045065,0.045,0.2
2023-07-24,92.48057453154222,0.045,0.2
2023-07-25,90.87538896313856,0.045,0.2
2023-07-26,89.80165217710424,0.045,0.2
2023-07-27,90.384360230974,0.045,0.2
2023-07-28,90.96942673961443,0.045,0.2
2023-07-29,91.55972652290451,0.045,0.2
2023-07-30,96.00402230353083,0.045,0.2
2023-07-31,96.6945354933918,0.045,0.2
2023-08-01,98.07792316151617,0.045,0.2
2023-08-02,99.25675040382652,0.045,0.2
2023-08-03,100.0713265707261,0.045,0.2
2023-08-04,99.673841347201,0.045,0.2
2023-08-05,100.62693391936236,0.045,0.2
2023-08-06,99.64716141303916,0.045,0.2
2023-08-07,99.3498507545916,0.045,0.2
2023-08-08,98.74232582916518,0.045,0.2
2023-08-09,98.844180236449,0.045,0.2
2023-08-10,101.72666995488058,0.045,0.2
2023-08-11,99.333516459178,0.045,0.2
2023-08-12,100.1923605693653,0.045,0.2
2023-08-13,98.15662111309777,0.045,0.2
2023-08-14,97.5730031801025,0.045,0.2
2023-08-15,98.9116548215288,0.045,0.2
2023-08-16,98.99175863468894,0.045,0.2
2023-08-17,97.64761805629061,0.045,0.2
2023-08-18,96.76761970945732,0.045,0.2
2023-08-19,97.59615634288026,0.045,0.2
2023-08-20,96.69810045885984,0.045,0.2
2023-08-21,96.96180796547048,0.045,0.2
2023-08-22,97.01747870533315,0.045,0.2
2023-08-23,96.22102412065793,0.045,0.2
2023-08-24,98.82006527101844,0.045,0.2
2023-08-25,99.60930446746177,0.045,0.2
2023-08-26,97.06783299379768,0.045,0.2
2023-08-27,97.29585538591648,0.045,0.2
2023-08-28,96.4846292274187,0.045,0.2
2023-08-29,97.52084042767964,0.045,0.2
2023-08-30,96.54711211913826,0.045,0.2
2023-08-31,96.407549089258,0.045,0.2
2023-09-01,97.02091721754931,0.045,0.2
2023-09-02,98.07917192038762,0.045,0.2
2023-09-03,96.59598795457393,0.045,0.2
2023-09-04,96.18890160430668,0.045,0.2
2023-09-05,95.61333141104835,0.045,0.2
2023-09-06,94.82632138263843,0.045,0.2
2023-09-07,96.93550842118229,0.045,0.2
2023-09-08,97.43010149308978,0.045,0.2
2023-09-09,95.8823615231221,0.045,0.2
